Vehicle / Vehicle Family,Cost to LEO (FY21$/kg),Max. Payload Mass to LEO (kg),Source(s),Notes,Additional Tags,,,,,,,,,,,Source #1,,,,,,,,,Source #2,,,,,,,,,Source #3,,,,,,,,,Source #4,,,,,,,,,Source #5,,,,,,,,,
Angara,4500,24500,Russian Space Web,,"Plesetsk Cosmodrome, Vostochny Cosmodrome, Naro Space Center, Khrunichev State Research and Production Space Center",Angara,#REF!,#REF!,#REF!,Russian Space Web,,,,,,Russian Space Web,4082,2015,Russian Space Web,95,105,2015,24500,,,,,,,,,,,,,,,,,,,,,,,,,,,,,,,,,,,,,,
Antares,13600,6600,GAO (2017),,"Wallops Flight Facility, Orbital Sciences, Orbital ATK, Northrop Grumman, Taurus II",Antares,#REF!,#REF!,#REF!,GAO (2017),,,,,,GAO (2017),12500,2017,GAO (2017),80,85,2017,6600,,,,,,,,,,,,,,,,,,,,,,,,,,,,,,,,,,,,,,
Ariane 2,,,,,"Arianespace, Guiana Space Centre, Ariane",Ariane 2,#REF!,#REF!,#REF!,,,,,,,,,,,,,,,,,,,,,,,,,,,,,,,,,,,,,,,,,,,,,,,,,,,,
Ariane 3,,,,,"Arianespace, Guiana Space Centre, Ariane",Ariane 3,#REF!,#REF!,#REF!,,,,,,,,,,,,,,,,,,,,,,,,,,,,,,,,,,,,,,,,,,,,,,,,,,,,
Ariane 40,,,,,"Arianespace, Guiana Space Centre, Ariane",Ariane 40,#REF!,#REF!,#REF!,,,,,,,,,,,,,,,,,,,,,,,,,,,,,,,,,,,,,,,,,,,,,,,,,,,,
Ariane 42,,,,,"Arianespace, Guiana Space Centre, Ariane",Ariane 42,#REF!,#REF!,#REF!,,,,,,,,,,,,,,,,,,,,,,,,,,,,,,,,,,,,,,,,,,,,,,,,,,,,
Ariane 44,18300,10200,"Xu, Hollingsworth, and Smith (2019)","Wertz and Larson estimate is labeled ""Ariane 44-LP."" Hammond estimate is labeled ""Ariane 4."" Xu, Hollingsworth, and Smith estimate is labeled ""Ariane 4.""","Arianespace, Guiana Space Centre, Ariane",Ariane 44,#REF!,#REF!,#REF!,Wertz and Larson (1996),Hammond (1999),"Xu, Hollingsworth, and Smith (2019)",,,,Wertz and Larson (1996),11400,1995,Wertz and Larson (1996),90,100,1995,8300,,Hammond (1999),10100,2000,Hammond (1999),179,,2000,17800,,"Xu, Hollingsworth, and Smith (2019)",15023,2010,"Xu, Hollingsworth, and Smith (2019)",153.23,,2010,10200,,,,,,,,,,,,,,,,,,,,
Ariane 5ECA,9200,21000,GAO (2017),,"Arianespace, Guiana Space Centre, Ariane",Ariane 5ECA,#REF!,#REF!,#REF!,GAO (2017),,,,,,GAO (2017),8476,2017,GAO (2017),178,,2017,21000,,,,,,,,,,,,,,,,,,,,,,,,,,,,,,,,,,,,,,
Ariane 5ES,,,,,"Arianespace, Guiana Space Centre, Ariane",Ariane 5ES,#REF!,#REF!,#REF!,,,,,,,,,,,,,,,,,,,,,,,,,,,,,,,,,,,,,,,,,,,,,,,,,,,,
Ariane 5G,10200,21000,"Xu, Hollingsworth, and Smith (2019)","Xu, Hollingsworth, and Smith estimate labeled ""Ariane 5G & 5E.""","Arianespace, Guiana Space Centre, Ariane",Ariane 5G,#REF!,#REF!,#REF!,Futron (2002),"Xu, Hollingsworth, and Smith (2019)",,,,,Futron (2002),9167,2000,Futron (2002),165,,2000,18000,,"Xu, Hollingsworth, and Smith (2019)",8380,2010,"Xu, Hollingsworth, and Smith (2019)",175.99,,2000,21000,,,,,,,,,,,,,,,,,,,,,,,,,,,,,
Athena 1,19200,2065,"Xu, Hollingsworth, and Smith (2019)","Xu, Hollingsworth, and Smith estimate labeled ""Athena 1 & 2.""","Lockheed Martin, Alliant Techsystems, Cape Canaveral / Kennedy Space Center, Vandenberg Air Force Base, Pacific Spaceport Complex - Alaska, Athena",Athena 1,#REF!,#REF!,#REF!,Wertz and Larson (1996),"Xu, Hollingsworth, and Smith (2019)",,,,,Wertz and Larson (1996),20200,1995,Wertz and Larson (1996),15,17,1995,794,,"Xu, Hollingsworth, and Smith (2019)",15831,2010,"Xu, Hollingsworth, and Smith (2019)",32.69,,2010,2065,,,,,,,,,,,,,,,,,,,,,,,,,,,,,
Athena 2,19200,2065,"Xu, Hollingsworth, and Smith (2019)","Xu, Hollingsworth, and Smith estimate labeled ""Athena 1 & 2.""",Athena,Athena 2,#REF!,#REF!,#REF!,Futron (2002),Foust (2003),"Xu, Hollingsworth, and Smith (2019)",,,,Futron (2002),11622,2000,Futron (2002),24,,2000,2065,,Foust (2003),12100,2003,Foust (2003),24,,2003,1990,,"Xu, Hollingsworth, and Smith (2019)",15831,2010,"Xu, Hollingsworth, and Smith (2019)",32.69,,2010,2065,,,,,,,,,,,,,,,,,,,,
Atlas,,,,,Atlas,Atlas,#REF!,#REF!,#REF!,,,,,,,,,,,,,,,,,,,,,,,,,,,,,,,,,,,,,,,,,,,,,,,,,,,,
Atlas Agena,,,,,Atlas,Atlas Agena,#REF!,#REF!,#REF!,,,,,,,,,,,,,,,,,,,,,,,,,,,,,,,,,,,,,,,,,,,,,,,,,,,,
Atlas Centaur,29500,5700,Hammond (1999),,"General Dynamics, Cape Canaveral / Kennedy Space Center, Atlas",Atlas Centaur,#REF!,#REF!,#REF!,Koelle (1991) / Astronautix,Hammond (1999),,,,,Koelle (1991) / Astronautix,28000,2018,Koelle (1991),70.3,,1994,3630,Astronautix,Hammond (1999),19700,2000,Hammond (1999),112,,2000,5700,,,,,,,,,,,,,,,,,,,,,,,,,,,,,
Atlas I,,,,,Atlas,Atlas I,#REF!,#REF!,#REF!,,,,,,,,,,,,,,,,,,,,,,,,,,,,,,,,,,,,,,,,,,,,,,,,,,,,
Atlas II,18700,8618,"Xu, Hollingsworth, and Smith (2019)","Xu, Hollingsworth, and Smith estimate labeled ""Atlas 2, 2A, 2AS.""","Lockheed Martin, Cape Canaveral / Kennedy Space Center, Vandenberg Air Force Base, Atlas",Atlas II,#REF!,#REF!,#REF!,"Xu, Hollingsworth, and Smith (2019)",,,,,,"Xu, Hollingsworth, and Smith (2019)",15410,2010,"Xu, Hollingsworth, and Smith (2019)",132.8,,2010,8618,,,,,,,,,,,,,,,,,,,,,,,,,,,,,,,,,,,,,,
Atlas IIA,18700,8618,"Xu, Hollingsworth, and Smith (2019)","Xu, Hollingsworth, and Smith estimate labeled ""Atlas 2, 2A, 2AS.""",Atlas,Atlas IIA,#REF!,#REF!,#REF!,Wertz and Larson (1996),"Xu, Hollingsworth, and Smith (2019)",,,,,Wertz and Larson (1996),12600,1995,Wertz and Larson (1996),80,90,1995,6760,,"Xu, Hollingsworth, and Smith (2019)",15410,2010,"Xu, Hollingsworth, and Smith (2019)",132.8,,2010,8618,,,,,,,,,,,,,,,,,,,,,,,,,,,,,
Atlas IIAS,18700,8618,"Xu, Hollingsworth, and Smith (2019)","Xu, Hollingsworth, and Smith estimate labeled ""Atlas 2, 2A, 2AS.""",Atlas,Atlas IIAS,#REF!,#REF!,#REF!,Futron (2002),"Xu, Hollingsworth, and Smith (2019)",,,,,Futron (2002),11314,2000,Futron (2002),97.5,,2000,8618,,"Xu, Hollingsworth, and Smith (2019)",15410,2010,"Xu, Hollingsworth, and Smith (2019)",132.8,,2010,8618,,,,,,,,,,,,,,,,,,,,,,,,,,,,,
Atlas III,16000,10759,"Xu, Hollingsworth, and Smith (2019)",,"Lockheed Martin, Cape Canaveral / Kennedy Space Center, Atlas",Atlas III,#REF!,#REF!,#REF!,"Xu, Hollingsworth, and Smith (2019)",,,,,,"Xu, Hollingsworth, and Smith (2019)",13163,2010,"Xu, Hollingsworth, and Smith (2019)",141.62,,2010,10759,,,,,,,,,,,,,,,,,,,,,,,,,,,,,,,,,,,,,,
Atlas V,8100,18814,FAA Office of Commercial Space Transportation (2018),"First Xu, Hollingsworth, and Smith estimate corresponds to ""Atlas 5 401, 411, 421, 431."" Second Xu, Hollingsworth, and Smith estimate corresponds to ""Atlas 5 501, 521, 531, 541, 551.""","United Launch Alliance, Cape Canaveral / Kennedy Space Center, Vandenberg Air Force Base, Atlas",Atlas V,#REF!,#REF!,#REF!,FAA Office of Commercial Space Transportation (2018),"Xu, Hollingsworth, and Smith (2019) - 1","Xu, Hollingsworth, and Smith (2019) - 2",GAO (2017),,,FAA Office of Commercial Space Transportation (2018),7654,2018,FAA Office of Commercial Space Transportation (2018),109,179,2018,18814,,"Xu, Hollingsworth, and Smith (2019) - 1",9682,2010,"Xu, Hollingsworth, and Smith (2019) - 1",152,,2010,15700,,"Xu, Hollingsworth, and Smith (2019) - 2",8406,2010,"Xu, Hollingsworth, and Smith (2019) - 2",172.5,,2020,20520,,GAO (2017),8398,2017,GAO (2017),137,179,2017,18814,,,,,,,,,,,
Black Arrow,,,,,,Black Arrow,#REF!,#REF!,#REF!,,,,,,,,,,,,,,,,,,,,,,,,,,,,,,,,,,,,,,,,,,,,,,,,,,,,
Delta 0100-Series,,,,,Delta,Delta 0100-Series,#REF!,#REF!,#REF!,,,,,,,,,,,,,,,,,,,,,,,,,,,,,,,,,,,,,,,,,,,,,,,,,,,,
Delta 1000-Series,,,,,Delta,Delta 1000-Series,#REF!,#REF!,#REF!,,,,,,,,,,,,,,,,,,,,,,,,,,,,,,,,,,,,,,,,,,,,,,,,,,,,
Delta 2000-Series,37800,1860,"Xu, Hollingsworth, and Smith (2019)",,Delta,Delta 2000-Series,#REF!,#REF!,#REF!,"Xu, Hollingsworth, and Smith (2019)",,,,,,"Xu, Hollingsworth, and Smith (2019)",31129,2010,"Xu, Hollingsworth, and Smith (2019)",57.9,,2010,1860,,,,,,,,,,,,,,,,,,,,,,,,,,,,,,,,,,,,,,
Delta 3000-Series,21400,3848,"Xu, Hollingsworth, and Smith (2019)","Xu, Hollingsworth, and Smith estimate labeled ""Delta 3000, 4000, 5000.""","Boeing, Cape Canaveral / Kennedy Space Center, Vandenberg Air Force Base, Delta",Delta 3000-Series,#REF!,#REF!,#REF!,"Xu, Hollingsworth, and Smith (2019)",,,,,,"Xu, Hollingsworth, and Smith (2019)",17633,2010,"Xu, Hollingsworth, and Smith (2019)",67.85,,2010,3848,,,,,,,,,,,,,,,,,,,,,,,,,,,,,,,,,,,,,,
Delta 3910,32800,3909,Hammond (1999),"Hammond estimate is labeled ""Delta/PAM D.""","Boeing, Cape Canaveral / Kennedy Space Center, Vandenberg Air Force Base, Delta",Delta 3910,#REF!,#REF!,#REF!,Koelle (1991) / Missing,Hammond (1999),,,,,Koelle (1991) / Missing,28000,2018,Koelle (1991),,,,,Missing,Hammond (1999),21900,2000,Hammond (1999),86,,2000,3909,,,,,,,,,,,,,,,,,,,,,,,,,,,,,
Delta 4000-Series,21400,3848,"Xu, Hollingsworth, and Smith (2019)","Xu, Hollingsworth, and Smith estimate labeled ""Delta 3000, 4000, 5000.""",Delta,Delta 4000-Series,#REF!,#REF!,#REF!,"Xu, Hollingsworth, and Smith (2019)",,,,,,"Xu, Hollingsworth, and Smith (2019)",17633,2010,"Xu, Hollingsworth, and Smith (2019)",67.85,,2010,3848,,,,,,,,,,,,,,,,,,,,,,,,,,,,,,,,,,,,,,
Delta 5000-Series,21400,3848,"Xu, Hollingsworth, and Smith (2019)","Xu, Hollingsworth, and Smith estimate labeled ""Delta 3000, 4000, 5000.""",Delta,Delta 5000-Series,#REF!,#REF!,#REF!,"Xu, Hollingsworth, and Smith (2019)",,,,,,"Xu, Hollingsworth, and Smith (2019)",17633,2010,"Xu, Hollingsworth, and Smith (2019)",67.85,,2010,3848,,,,,,,,,,,,,,,,,,,,,,,,,,,,,,,,,,,,,,
Delta A,,,,,Delta,Delta A,#REF!,#REF!,#REF!,,,,,,,,,,,,,,,,,,,,,,,,,,,,,,,,,,,,,,,,,,,,,,,,,,,,
Delta B,,,,,Delta,Delta B,#REF!,#REF!,#REF!,,,,,,,,,,,,,,,,,,,,,,,,,,,,,,,,,,,,,,,,,,,,,,,,,,,,
Delta C,,,,,Delta,Delta C,#REF!,#REF!,#REF!,,,,,,,,,,,,,,,,,,,,,,,,,,,,,,,,,,,,,,,,,,,,,,,,,,,,
Delta D,,,,,Delta,Delta D,#REF!,#REF!,#REF!,,,,,,,,,,,,,,,,,,,,,,,,,,,,,,,,,,,,,,,,,,,,,,,,,,,,
Delta E,177900,540,Koelle (1991) / Astronautix,"The Astronautix reference page is titled ""Thor Delta E.""","Boeing, Cape Canaveral / Kennedy Space Center, Vandenberg Air Force Base, Delta",Delta E,#REF!,#REF!,#REF!,Koelle (1991) / Astronautix,,,,,,Koelle (1991) / Astronautix,167800,2018,Koelle (1991),13.93,,1985,540,Astronautix,,,,,,,,,,,,,,,,,,,,,,,,,,,,,,,,,,,,,
Delta G,,,,,Delta,Delta G,#REF!,#REF!,#REF!,,,,,,,,,,,,,,,,,,,,,,,,,,,,,,,,,,,,,,,,,,,,,,,,,,,,
Delta II,38800,3755,FAA Office of Commercial Space Transportation (2018),"Wertz and Larson estimate is for the Delta II 7920 vehicle specifically. Xu, Hollingsworth, and Smith estimate labeled ""Delta 2 6000 & 7000.""","United Launch Alliance, Cape Canaveral / Kennedy Space Center, Vandenberg Air Force Base, Delta",Delta II,#REF!,#REF!,#REF!,Futron (2002),Wertz and Larson (1996),FAA Office of Commercial Space Transportation (2018),"Xu, Hollingsworth, and Smith (2019)",,,Futron (2002),10692,2000,Futron (2002),55,,2000,5144,,Wertz and Larson (1996),9400,1995,Wertz and Larson (1996),45,50,1995,5035,,FAA Office of Commercial Space Transportation (2018),36565,2018,FAA Office of Commercial Space Transportation (2018),137.3,,2018,3755,,"Xu, Hollingsworth, and Smith (2019)",14562.5972006221,2010,"Xu, Hollingsworth, and Smith (2019)",74.91,,2010,5144,,,,,,,,,,,
Delta III,18000,8290,"Xu, Hollingsworth, and Smith (2019)","Xu, Hollingsworth, and Smith estimate labeled ""Delta 3 8000.""","Boeing, Cape Canaveral / Kennedy Space Center, Delta",Delta III,#REF!,#REF!,#REF!,Koelle (1991) / Missing,"Xu, Hollingsworth, and Smith (2019)",,,,,Koelle (1991) / Missing,11700,2018,Koelle (1991),,,,,Missing,"Xu, Hollingsworth, and Smith (2019)",14830,2010,"Xu, Hollingsworth, and Smith (2019)",122.94,,2010,8290,,,,,,,,,,,,,,,,,,,,,,,,,,,,,
Delta IV,10400,28790,FAA Office of Commercial Space Transportation (2018),,"United Launch Alliance, Cape Canaveral / Kennedy Space Center, Vandenberg Air Force Base, Delta",Delta IV,#REF!,#REF!,#REF!,FAA Office of Commercial Space Transportation (2018),,,,,,FAA Office of Commercial Space Transportation (2018),9795,2018,FAA Office of Commercial Space Transportation (2018),164,400,2018,28790,,,,,,,,,,,,,,,,,,,,,,,,,,,,,,,,,,,,,,
Delta IV Heavy,11600,22560,"Xu, Hollingsworth, and Smith (2019)","Xu, Hollingsworth, and Smith estimate labeled ""Delta 4M, 4M+, 4H.","United Launch Alliance, Cape Canaveral / Kennedy Space Center, Vandenberg Air Force Base, Delta",Delta IV Heavy,#REF!,#REF!,#REF!,"Xu, Hollingsworth, and Smith (2019)",,,,,,"Xu, Hollingsworth, and Smith (2019)",9530,2010,"Xu, Hollingsworth, and Smith (2019)",215,,2010,22560,,,,,,,,,,,,,,,,,,,,,,,,,,,,,,,,,,,,,,
Delta J,,,,,Delta,Delta J,#REF!,#REF!,#REF!,,,,,,,,,,,,,,,,,,,,,,,,,,,,,,,,,,,,,,,,,,,,,,,,,,,,
Delta L,,,,,Delta,Delta L,#REF!,#REF!,#REF!,,,,,,,,,,,,,,,,,,,,,,,,,,,,,,,,,,,,,,,,,,,,,,,,,,,,
Delta M,,,,,Delta,Delta M,#REF!,#REF!,#REF!,,,,,,,,,,,,,,,,,,,,,,,,,,,,,,,,,,,,,,,,,,,,,,,,,,,,
Delta N,,,,,Delta,Delta N,#REF!,#REF!,#REF!,,,,,,,,,,,,,,,,,,,,,,,,,,,,,,,,,,,,,,,,,,,,,,,,,,,,
DF-5,,,,,,DF-5,#REF!,#REF!,#REF!,,,,,,,,,,,,,,,,,,,,,,,,,,,,,,,,,,,,,,,,,,,,,,,,,,,,
Dnepr,9600,3200,FAA Office of Commercial Space Transportation (2018),,"ISC Kosmotras, Baikonur Cosmodrome, Yasny Launch Base",Dnepr,#REF!,#REF!,#REF!,Futron (2002),Foust (2003),FAA Office of Commercial Space Transportation (2018),"Xu, Hollingsworth, and Smith (2019)",,,Futron (2002),3409,2000,Futron (2002),15,,2000,4400,,Foust (2003),3400,2003,Foust (2003),15,,2003,4400,,FAA Office of Commercial Space Transportation (2018),9063,2018,FAA Office of Commercial Space Transportation (2018),29,,2018,3200,,"Xu, Hollingsworth, and Smith (2019)",4643,2010,"Xu, Hollingsworth, and Smith (2019)",20.43,,2010,4400,,,,,,,,,,,
Electron,23100,225,FAA Office of Commercial Space Transportation (2018),,"Rocket Lab, Rocket Lab Launch Complex",Electron,#REF!,#REF!,#REF!,Gugliotta (2018),FAA Office of Commercial Space Transportation (2018),Mann (2019),,,,Gugliotta (2018),25110,2018,Gugliotta (2018),5.7,,2018,227,,FAA Office of Commercial Space Transportation (2018),21778,2018,FAA Office of Commercial Space Transportation (2018),4.9,,2018,225,,Mann (2019),22026,2019,Mann (2019),5,,2019,227,,,,,,,,,,,,,,,,,,,,
Emeraude,,,,,,Emeraude,#REF!,#REF!,#REF!,,,,,,,,,,,,,,,,,,,,,,,,,,,,,,,,,,,,,,,,,,,,,,,,,,,,
Energiya,2700,3000,Hendrickx (2007) / Erickson (2010),Low and high cost estimates are derived from the Rubles-to-USD conversion rates before and after the Soviet Union's 1991 exchange rate cut. See: New York Times (1991). ,,Energiya,#REF!,#REF!,#REF!,Hendrickx (2007) / Erickson (2010),,,,,,Hendrickx (2007) / Erickson (2010),1488,1991,Hendrickx (2007),3.61702127659574,5.3125,1991,3000,Erickson (2010),,,,,,,,,,,,,,,,,,,,,,,,,,,,,,,,,,,,,
Epsilon,34500,1200,FAA Office of Commercial Space Transportation (2018),,"Japan Aerospace Exploration Agency, Uchinoura Space Center",Epsilon,#REF!,#REF!,#REF!,FAA Office of Commercial Space Transportation (2018),"Xu, Hollingsworth, and Smith (2019)",GAO (2017),,,,FAA Office of Commercial Space Transportation (2018),32500,2018,FAA Office of Commercial Space Transportation (2018),39,,2018,1200,,"Xu, Hollingsworth, and Smith (2019)",31667,2010,"Xu, Hollingsworth, and Smith (2019)",38,,2010,1200,,GAO (2017),32500,2017,GAO (2017),39,,2017,1200,,,,,,,,,,,,,,,,,,,,
Falcon 1,12600,668,"Xu, Hollingsworth, and Smith (2019)","Foust estimate is labeled ""Falcon.""","SpaceX, Ronald Reagan Ballistic Missile Defense (BMD) Test Site, Falcon",Falcon 1,#REF!,#REF!,#REF!,Foust (2003),"Xu, Hollingsworth, and Smith (2019)",,,,,Foust (2003),10500,2003,Foust (2003),6,,2003,570,,"Xu, Hollingsworth, and Smith (2019)",10404,2010,"Xu, Hollingsworth, and Smith (2019)",6.95,,2010,668,,,,,,,,,,,,,,,,,,,,,,,,,,,,,
Falcon 9,2600,22800,FAA Office of Commercial Space Transportation (2018),"The FAA estimate uses two prices; the lower price corresponds to a reused first stage and the higher price corresponds to an expendable first stage. Xu, Hollingsworth, and Smith estimate labled ""Falcon 9 V1.0, 1.1, FT.""","SpaceX, Cape Canaveral / Kennedy Space Center, Vandenberg Air Force Base, Falcon",Falcon 9,#REF!,#REF!,#REF!,Jones (2018),FAA Office of Commercial Space Transportation (2018),"Xu, Hollingsworth, and Smith (2019)",GAO (2017),,,Jones (2018),2720,2018,Jones (2018),62,,2018,22800,,FAA Office of Commercial Space Transportation (2018),2434,2018,FAA Office of Commercial Space Transportation (2018),49,62,2018,22800,,"Xu, Hollingsworth, and Smith (2019)",2466,2010,"Xu, Hollingsworth, and Smith (2019)",56.22,,2010,22800,,GAO (2017),2684,2017,GAO (2017),61.2,,2017,22800,,,,,,,,,,,2600
Falcon Heavy,1500,63800,FAA Office of Commercial Space Transportation (2018),,"SpaceX, Cape Canaveral / Kennedy Space Center, Falcon",Falcon Heavy,#REF!,#REF!,#REF!,Jones (2018),FAA Office of Commercial Space Transportation (2018),"Xu, Hollingsworth, and Smith (2019)",,,,Jones (2018),1410,2018,Jones (2018),90,,2018,63800,,FAA Office of Commercial Space Transportation (2018),1411,2018,FAA Office of Commercial Space Transportation (2018),90,,2018,63800,,"Xu, Hollingsworth, and Smith (2019)",1279,2010,"Xu, Hollingsworth, and Smith (2019)",81.61,,2010,63800,,,,,,,,,,,,,,,,,,,,
GSLV,10000,5000,FAA Office of Commercial Space Transportation (2018),,"Indian Space Research Organisation, Satish Dhawan Space Centre",GSLV,#REF!,#REF!,#REF!,FAA Office of Commercial Space Transportation (2018),"Xu, Hollingsworth, and Smith (2019)",,,,,FAA Office of Commercial Space Transportation (2018),9400,2018,FAA Office of Commercial Space Transportation (2018),47,,2018,5000,,"Xu, Hollingsworth, and Smith (2019)",8800,2010,"Xu, Hollingsworth, and Smith (2019)",44,,2010,5000,,,,,,,,,,,,,,,,,,,,,,,,,,,,,
H-I,,,,,,H-I,#REF!,#REF!,#REF!,,,,,,,,,,,,,,,,,,,,,,,,,,,,,,,,,,,,,,,,,,,,,,,,,,,,
H-II,10500,11730,"Xu, Hollingsworth, and Smith (2019)","FAA estimate is labeled ""H-IIA/B."" The first Xu, Hollingsworth, and Smith estimate corresponds to ""H-2 & 2A."" The second Xu, Hollingsworth, and Smith estimate corresponds to ""H-2B."" ","Mitsubishi Heavy Industries, Tanegashima Space Center",H-II,#REF!,#REF!,#REF!,Wertz and Larson (1996),FAA Office of Commercial Space Transportation (2018),"Xu, Hollingsworth, and Smith (2019)","Xu, Hollingsworth, and Smith (2019) - 2",,,Wertz and Larson (1996),16800,1995,Wertz and Larson (1996),150,200,1995,10433,,FAA Office of Commercial Space Transportation (2018),5455,2018,FAA Office of Commercial Space Transportation (2018),90,112.5,2018,16500,,"Xu, Hollingsworth, and Smith (2019)",8632,2010,"Xu, Hollingsworth, and Smith (2019)",101.25,,2010,11730,,"Xu, Hollingsworth, and Smith (2019) - 2",8571,2010,"Xu, Hollingsworth, and Smith (2019) - 2",141.42,,2010,16500,,,,,,,,,,,
Jielong,,,,,,Jielong,#REF!,#REF!,#REF!,,,,,,,,,,,,,,,,,,,,,,,,,,,,,,,,,,,,,,,,,,,,,,,,,,,,
Kosmos,14900,1500,"Xu, Hollingsworth, and Smith (2019)","Foust estimate is labeled ""Kosmos 3M."" Xu, Hollingsworth, and Smith estimate is labeled ""Kosmos 3M.""","Production Corporation Polyot, Kapustin Yar Cosmodrome, Plesetsk Cosmodrome",Kosmos,#REF!,#REF!,#REF!,Futron (2002),Foust (2003),"Xu, Hollingsworth, and Smith (2019)",,,,Futron (2002),8667,2000,Futron (2002),13,,2000,1500,,Foust (2003),9300,2003,Foust (2003),13,,2003,1400,,"Xu, Hollingsworth, and Smith (2019)",12260,2010,"Xu, Hollingsworth, and Smith (2019)",18.39,,2010,1500,,,,,,,,,,,,,,,,,,,,
Kuaizhou,10600,300,FAA Office of Commercial Space Transportation (2018),"FAA estimate is labeled ""Kuaizhou 1/1A."" Xu, Hollingsworth, and Smith estimate is labeled ""KZ.""","ExPace, China Aerospace Science and Industry Corporation, Jiuquan Satellite Launch Center, Taiyuan Satellite Launch Center",Kuaizhou,#REF!,#REF!,#REF!,FAA Office of Commercial Space Transportation (2018),"Xu, Hollingsworth, and Smith (2019)",,,,,FAA Office of Commercial Space Transportation (2018),10000,2018,FAA Office of Commercial Space Transportation (2018),3,,2018,300,,"Xu, Hollingsworth, and Smith (2019)",8700,2010,"Xu, Hollingsworth, and Smith (2019)",2.61,,2010,300,,,,,,,,,,,,,,,,,,,,,,,,,,,,,
Lambda,,,,,,Lambda,#REF!,#REF!,#REF!,,,,,,,,,,,,,,,,,,,,,,,,,,,,,,,,,,,,,,,,,,,,,,,,,,,,
Long March 1,,,,,Long March,Long March 1,#REF!,#REF!,#REF!,,,,,,,,,,,,,,,,,,,,,,,,,,,,,,,,,,,,,,,,,,,,,,,,,,,,
Long March 11,10600,530,FAA Office of Commercial Space Transportation (2018),,"China Academy of Launch Vehicle Technology, Jiuquan Satellite Launch Center, Xichang Satellite Launch Center, Long March",Long March 11,#REF!,#REF!,#REF!,FAA Office of Commercial Space Transportation (2018),"Xu, Hollingsworth, and Smith (2019)",,,,,FAA Office of Commercial Space Transportation (2018),10000,2018,FAA Office of Commercial Space Transportation (2018),5.3,,2018,530,,"Xu, Hollingsworth, and Smith (2019)",8700,2010,"Xu, Hollingsworth, and Smith (2019)",6.09,,2010,700,,,,,,,,,,,,,,,,,,,,,,,,,,,,,
Long March 2A,17500,2000,"Xu, Hollingsworth, and Smith (2019)",,"China Academy of Launch Vehicle Technology, Jiuquan Satellite Launch Center, Long March",Long March 2A,#REF!,#REF!,#REF!,"Xu, Hollingsworth, and Smith (2019)",,,,,,"Xu, Hollingsworth, and Smith (2019)",14400,2010,"Xu, Hollingsworth, and Smith (2019)",28.8,,2010,2000,,,,,,,,,,,,,,,,,,,,,,,,,,,,,,,,,,,,,,
Long March 2C,8300,3850,FAA Office of Commercial Space Transportation (2018),"Xu, Hollingsworth, and Smith estimate labeled ""Long March 2C & 2D.""","China Academy of Launch Vehicle Technology, Jiuquan Satellite Launch Center, Xichang Satellite Launch Center, Taiyuan Satellite Launch Center, Long March",Long March 2C,#REF!,#REF!,#REF!,Futron (2002),FAA Office of Commercial Space Transportation (2018),"Xu, Hollingsworth, and Smith (2019)",,,,Futron (2002),7031,2000,Futron (2002),22.5,,2000,3200,,FAA Office of Commercial Space Transportation (2018),7792,2018,FAA Office of Commercial Space Transportation (2018),30,,2018,3850,,"Xu, Hollingsworth, and Smith (2019)",5854,2010,"Xu, Hollingsworth, and Smith (2019)",20.49,,2010,3500,,,,,,,,,,,,,,,,,,,,
Long March 2D,9100,3500,FAA Office of Commercial Space Transportation (2018),"Xu, Hollingsworth, and Smith estimate labeled ""Long March 2C & 2D.""","Shanghai Academy of Spaceflight Technology, Jiuquan Satellite Launch Center, Xichang Satellite Launch Center, Taiyuan Satellite Launch Center, Long March",Long March 2D,#REF!,#REF!,#REF!,FAA Office of Commercial Space Transportation (2018),"Xu, Hollingsworth, and Smith (2019)",,,,,FAA Office of Commercial Space Transportation (2018),8571,2018,FAA Office of Commercial Space Transportation (2018),30,,2018,3500,,"Xu, Hollingsworth, and Smith (2019)",5854,2010,"Xu, Hollingsworth, and Smith (2019)",20.49,,2010,3500,,,,,,,,,,,,,,,,,,,,,,,,,,,,,
Long March 2E,9900,8400,"Xu, Hollingsworth, and Smith (2019)","Xu, Hollingsworth, and Smith estimate labeled ""Long March 2E & 2F.""","China Academy of Launch Vehicle Technology, Xichang Satellite Launch Center, Long March",Long March 2E,#REF!,#REF!,#REF!,Fultron (2002),Wertz and Larson (1996),"Xu, Hollingsworth, and Smith (2019)",,,,Fultron (2002),5435,2000,Fultron (2002),50,,2000,9200,,Wertz and Larson (1996),4900,1995,Wertz and Larson (1996),40,50,1995,9210,,"Xu, Hollingsworth, and Smith (2019)",8107,2010,"Xu, Hollingsworth, and Smith (2019)",68.1,,2010,8400,,,,,,,,,,,,,,,,,,,,
Long March 2F,9900,8400,"Xu, Hollingsworth, and Smith (2019)","Xu, Hollingsworth, and Smith estimate labeled ""Long March 2E & 2F.""",Long March,Long March 2F,#REF!,#REF!,#REF!, / FAA Office of Commercial Space Transportation (2018),"Xu, Hollingsworth, and Smith (2019)",,,,, / FAA Office of Commercial Space Transportation (2018),,,,,,,8400,FAA Office of Commercial Space Transportation (2018),"Xu, Hollingsworth, and Smith (2019)",8107,2010,"Xu, Hollingsworth, and Smith (2019)",68.1,,2010,8400,,,,,,,,,,,,,,,,,,,,,,,,,,,,,
Long March 3,,,,,Long March,Long March 3,#REF!,#REF!,#REF!,,,,,,,,,,,,,,,,,,,,,,,,,,,,,,,,,,,,,,,,,,,,,,,,,,,,
Long March 3A,8700,8500,FAA Office of Commercial Space Transportation (2018),"Xu, Hollingsworth, and Smith estimate labeled ""Long March 3A & 3C.""","China Academy of Launch Vehicle Technology, Xichang Satellite Launch Center, Long March",Long March 3A,#REF!,#REF!,#REF!,FAA Office of Commercial Space Transportation (2018),"Xu, Hollingsworth, and Smith (2019)",,,,,FAA Office of Commercial Space Transportation (2018),8235,2018,FAA Office of Commercial Space Transportation (2018),70,,2018,8500,,"Xu, Hollingsworth, and Smith (2019)",11258,2010,"Xu, Hollingsworth, and Smith (2019)",102.45,,2010,9100,,,,,,,,,,,,,,,,,,,,,,,,,,,,,
Long March 3B,6200,12000,FAA Office of Commercial Space Transportation (2018),"FAA estimate labeled ""Long March 3B/E.""","China Academy of Launch Vehicle Technology, Xichang Satellite Launch Center, Long March",Long March 3B,#REF!,#REF!,#REF!,Futron (2002),FAA Office of Commercial Space Transportation (2018),"Xu, Hollingsworth, and Smith (2019)",,,,Futron (2002),4412,2000,Futron (2002),60,,2000,13600,,FAA Office of Commercial Space Transportation (2018),5833,2018,FAA Office of Commercial Space Transportation (2018),70,,2018,12000,,"Xu, Hollingsworth, and Smith (2019)",6009,2010,"Xu, Hollingsworth, and Smith (2019)",81.72,,2010,13600,,,,,,,,,,,,,,,,,,,,
Long March 3C,13700,9100,"Xu, Hollingsworth, and Smith (2019)","FAA estimate only includes GTO capacity. Xu, Hollingsworth, and Smith estimate labeled ""Long March 3A & 3C.""",Long March,Long March 3C,#REF!,#REF!,#REF!,FAA Office of Commercial Space Transportation (2018) / Missing,"Xu, Hollingsworth, and Smith (2019)",,,,,FAA Office of Commercial Space Transportation (2018) / Missing,,2018,FAA Office of Commercial Space Transportation (2018),70,,2018,,Missing,"Xu, Hollingsworth, and Smith (2019)",11258,2010,"Xu, Hollingsworth, and Smith (2019)",102.45,,2010,9100,,,,,,,,,,,,,,,,,,,,,,,,,,,,,
Long March 4,13800,4200,"Xu, Hollingsworth, and Smith (2019)","Xu, Hollingsworth, and Smith estimate labeled ""Long March 4A, 4B, 4C.""",Long March,Long March 4,#REF!,#REF!,#REF!,"Xu, Hollingsworth, and Smith (2019)",,,,,,"Xu, Hollingsworth, and Smith (2019)",11383,2010,"Xu, Hollingsworth, and Smith (2019)",47.81,,2010,4200,,,,,,,,,,,,,,,,,,,,,,,,,,,,,,,,,,,,,,
Long March 4B,7600,4200,FAA Office of Commercial Space Transportation (2018),"Xu, Hollingsworth, and Smith estimate labeled ""Long March 4A, 4B, 4C.""","Shanghai Academy of Spaceflight Technology, Jiuquan Satellite Launch Center, Taiyuan Satellite Launch Center, Long March",Long March 4B,#REF!,#REF!,#REF!,FAA Office of Commercial Space Transportation (2018),"Xu, Hollingsworth, and Smith (2019)",,,,,FAA Office of Commercial Space Transportation (2018),7143,2018,FAA Office of Commercial Space Transportation (2018),30,,2018,4200,,"Xu, Hollingsworth, and Smith (2019)",11383,2010,"Xu, Hollingsworth, and Smith (2019)",47.81,,2010,4200,,,,,,,,,,,,,,,,,,,,,,,,,,,,,
Long March 4C,7600,4200,FAA Office of Commercial Space Transportation (2018),"Xu, Hollingsworth, and Smith estimate labeled ""Long March 4A, 4B, 4C.""",Long March,Long March 4C,#REF!,#REF!,#REF!,FAA Office of Commercial Space Transportation (2018),"Xu, Hollingsworth, and Smith (2019)",,,,,FAA Office of Commercial Space Transportation (2018),7143,2018,FAA Office of Commercial Space Transportation (2018),30,,2018,4200,,"Xu, Hollingsworth, and Smith (2019)",11383,2010,"Xu, Hollingsworth, and Smith (2019)",47.81,,2010,4200,,,,,,,,,,,,,,,,,,,,,,,,,,,,,
Long March 5,7900,23000,"Xu, Hollingsworth, and Smith (2019)",,"China Academy of Launch Vehicle Technology, Wenchang Satellite Launch Center, Long March",Long March 5,#REF!,#REF!,#REF!,Missing / FAA Office of Commercial Space Transportation (2018),"Xu, Hollingsworth, and Smith (2019)",,,,,Missing / FAA Office of Commercial Space Transportation (2018),,,Missing,,,,25000,FAA Office of Commercial Space Transportation (2018),"Xu, Hollingsworth, and Smith (2019)",6526,2010,"Xu, Hollingsworth, and Smith (2019)",150.1,,2010,23000,,,,,,,,,,,,,,,,,,,,,,,,,,,,,
Long March 6,10600,1500,"Xu, Hollingsworth, and Smith (2019)",,Long March,Long March 6,#REF!,#REF!,#REF!, / FAA Office of Commercial Space Transportation (2018),"Xu, Hollingsworth, and Smith (2019)",,,,, / FAA Office of Commercial Space Transportation (2018),,,,,,,1500,FAA Office of Commercial Space Transportation (2018),"Xu, Hollingsworth, and Smith (2019)",8700,2010,"Xu, Hollingsworth, and Smith (2019)",13.05,,2010,1500,,,,,,,,,,,,,,,,,,,,,,,,,,,,,
Long March 7,7900,13500,"Xu, Hollingsworth, and Smith (2019)",,"China Academy of Launch Vehicle Technology, Wenchang Satellite Launch Center, Long March",Long March 7,#REF!,#REF!,#REF!, / FAA Office of Commercial Space Transportation (2018),"Xu, Hollingsworth, and Smith (2019)",,,,, / FAA Office of Commercial Space Transportation (2018),,,,,,,13500,FAA Office of Commercial Space Transportation (2018),"Xu, Hollingsworth, and Smith (2019)",6478,2010,"Xu, Hollingsworth, and Smith (2019)",87.45,,2010,13500,,,,,,,,,,,,,,,,,,,,,,,,,,,,,
LVM3,8000,8000,FAA Office of Commercial Space Transportation (2018),,"Indian Space Research Organisation, Satish Dhawan Space Centre",LVM3,#REF!,#REF!,#REF!,FAA Office of Commercial Space Transportation (2018),,,,,,FAA Office of Commercial Space Transportation (2018),7500,2018,FAA Office of Commercial Space Transportation (2018),60,,2018,8000,,,,,,,,,,,,,,,,,,,,,,,,,,,,,,,,,,,,,,
Minotaur C,32700,1458,FAA Office of Commercial Space Transportation (2018),,"Orbital Sciences, Orbital ATK, Northrop Grumman, Vandenberg Air Force Base, Minotaur",Minotaur C,#REF!,#REF!,#REF!,FAA Office of Commercial Space Transportation (2018),GAO (2017),,,,,FAA Office of Commercial Space Transportation (2018),30864,2018,FAA Office of Commercial Space Transportation (2018),40,50,2018,1458,,GAO (2017),30864,2017,GAO (2017),40,50,2017,1458,,,,,,,,,,,,,,,,,,,,,,,,,,,,,
M-V,45800,1900,"Xu, Hollingsworth, and Smith (2019)",,"Nissan Motors, IHI Aerospace, Uchinoura Space Center",M-V,#REF!,#REF!,#REF!,"Xu, Hollingsworth, and Smith (2019)",,,,,,"Xu, Hollingsworth, and Smith (2019)",37711,2010,"Xu, Hollingsworth, and Smith (2019)",71.65,,2010,1900,,,,,,,,,,,,,,,,,,,,,,,,,,,,,,,,,,,,,,
Minotaur I,73100,580,FAA Office of Commercial Space Transportation (2018),"Xu, Hollingsworth, and Smith estimate labeled ""Minotaur I & IV.""","Orbital Sciences, Orbital ATK, Northrop Grumman, Vandenberg Air Force Base, Wallops Flight Facility, Minotaur",Minotaur I,#REF!,#REF!,#REF!,Foust (2003),FAA Office of Commercial Space Transportation (2018),"Xu, Hollingsworth, and Smith (2019)",,,,Foust (2003),19500,2003,Foust (2003),12.5,,2003,640,,FAA Office of Commercial Space Transportation (2018),68966,2018,FAA Office of Commercial Space Transportation (2018),40,,2018,580,,"Xu, Hollingsworth, and Smith (2019)",26490,2010,"Xu, Hollingsworth, and Smith (2019)",45.96,,2010,1735,,,,,,,,,,,,,,,,,,,,
Minotaur IV,30500,1600,FAA Office of Commercial Space Transportation (2018),"Xu, Hollingsworth, and Smith estimate labeled ""Minotaur I & IV.""","Orbital Sciences, Orbital ATK, Northrop Grumman, Vandenberg Air Force Base, Wallops Flight Facility, Cape Canaveral / Kennedy Space Center, Pacific Spaceport Complex - Alaska, Minotaur",Minotaur IV,#REF!,#REF!,#REF!,FAA Office of Commercial Space Transportation (2018),"Xu, Hollingsworth, and Smith (2019)",,,,,FAA Office of Commercial Space Transportation (2018),28750,2018,FAA Office of Commercial Space Transportation (2018),46,,2018,1600,,"Xu, Hollingsworth, and Smith (2019)",26490,2010,"Xu, Hollingsworth, and Smith (2019)",45.96,,2010,1735,,,,,,,,,,,,,,,,,,,,,,,,,,,,,
Minotaur V,88700,630,"Xu, Hollingsworth, and Smith (2019)","Xu, Hollingsworth, and Smith LEO payload estimate is the same as its GTO estimate; the dollars per kg figure is therefore likely inflated.",Minotaur,Minotaur V,#REF!,#REF!,#REF!,FAA Office of Commercial Space Transportation (2018) / Missing,"Xu, Hollingsworth, and Smith (2019)",,,,,FAA Office of Commercial Space Transportation (2018) / Missing,,,FAA Office of Commercial Space Transportation (2018),55,,2018,,Missing,"Xu, Hollingsworth, and Smith (2019)",72952,2010,"Xu, Hollingsworth, and Smith (2019)",45.96,,2010,630,,,,,,,,,,,,,,,,,,,,,,,,,,,,,
Modified R-7,,,,,,Modified R-7,#REF!,#REF!,#REF!,,,,,,,,,,,,,,,,,,,,,,,,,,,,,,,,,,,,,,,,,,,,,,,,,,,,
Molniya,15700,3700,"Xu, Hollingsworth, and Smith (2019)","Xu, Hollingsworth, and Smith estimate labeled ""Molniya-M.""","Energia, Baikonur Cosmodrome, Plesetsk Cosmodrome",Molniya,#REF!,#REF!,#REF!,"Xu, Hollingsworth, and Smith (2019)",,,,,,"Xu, Hollingsworth, and Smith (2019)",12922,2010,"Xu, Hollingsworth, and Smith (2019)",47.81,,2010,3700,,,,,,,,,,,,,,,,,,,,,,,,,,,,,,,,,,,,,,
Mu,,,,,,Mu,#REF!,#REF!,#REF!,,,,,,,,,,,,,,,,,,,,,,,,,,,,,,,,,,,,,,,,,,,,,,,,,,,,
Naro,,,,,,Naro,#REF!,#REF!,#REF!,,,,,,,,,,,,,,,,,,,,,,,,,,,,,,,,,,,,,,,,,,,,,,,,,,,,
Nodong,,,,"FAA estimate is for Iran's ""Safir"" launch vehicle.",,Nodong,#REF!,#REF!,#REF!,Missing / FAA Office of Commercial Space Transportation (2018),,,,,,Missing / FAA Office of Commercial Space Transportation (2018),,,Missing,,,,50,FAA Office of Commercial Space Transportation (2018),,,,,,,,,,,,,,,,,,,,,,,,,,,,,,,,,,,,,
Pegasus,41100,455,Hammond (1999),"Xu, Hollingsworth, and Smith estimate is labeled ""Pegasus & Pegasus XL.""","Orbital Sciences, Orbital ATK, Northrop Grumman",Pegasus,#REF!,#REF!,#REF!,Wertz and Larson (1996),Hammond (1999),"Xu, Hollingsworth, and Smith (2019)",,,,Wertz and Larson (1996),30800,1995,Wertz and Larson (1996),13,15,1995,454,,Hammond (1999),27400,2000,Hammond (1999),12,,2000,455,,"Xu, Hollingsworth, and Smith (2019)",41648,2010,"Xu, Hollingsworth, and Smith (2019)",18.45,,2010,443,,,,,,,,,,,,,,,,,,,,
Pegasus XL,50600,443,"Xu, Hollingsworth, and Smith (2019)","Xu, Hollingsworth, and Smith estimate is labeled ""Pegasus & Pegasus XL.""","Orbital Sciences, Orbital ATK, Northrop Grumman",Pegasus XL,#REF!,#REF!,#REF!,Futron (2002),Foust (2003),FAA Office of Commercial Space Transportation (2018),"Xu, Hollingsworth, and Smith (2019)",GAO (2017),,Futron (2002),30474,2000,Futron (2002),13.5,,2000,443,,Foust (2003),50600,2003,Foust (2003),20,25,2003,445,,FAA Office of Commercial Space Transportation (2018),88889,2018,FAA Office of Commercial Space Transportation (2018),40,,2018,450,,"Xu, Hollingsworth, and Smith (2019)",41648,2010,"Xu, Hollingsworth, and Smith (2019)",18.45,,2010,443,,GAO (2017),88889,2017,GAO (2017),40,,2017,450,,
Proton,8200,21000,"Xu, Hollingsworth, and Smith (2019)","Wertz and Larson estimate is labeled ""Proton SL-13."" FAA estimate is labeled ""Proton M."" Xu, Hollingsworth, and Smith estimate labeled ""Proton K & M.""","Khrunichev State Research and Production Space Center, Chemical Automatics Design Bureau, Baikonur Cosmodrome",Proton,#REF!,#REF!,#REF!,Wertz and Larson (1996),FAA Office of Commercial Space Transportation (2018),"Xu, Hollingsworth, and Smith (2019)",,,,Wertz and Larson (1996),2600,1995,Wertz and Larson (1996),35,70,1995,20000,,FAA Office of Commercial Space Transportation (2018),2826,2018,FAA Office of Commercial Space Transportation (2018),65,,2018,23000,,"Xu, Hollingsworth, and Smith (2019)",6721,2010,"Xu, Hollingsworth, and Smith (2019)",141.15,,2010,21000,,,,,,,,,,,,,,,,,,,,
PSLV,8500,3250,FAA Office of Commercial Space Transportation (2018),"Xu, Hollingsworth, and Smith estimate labeled ""PSLV, PSLV-CA, PSLV, XL.""","Indian Space Research Organisation, Satish Dhawan Space Centre",PSLV,#REF!,#REF!,#REF!,FAA Office of Commercial Space Transportation (2018),"Xu, Hollingsworth, and Smith (2019)",,,,,FAA Office of Commercial Space Transportation (2018),8000,2018,FAA Office of Commercial Space Transportation (2018),21,31,2018,3250,,"Xu, Hollingsworth, and Smith (2019)",5292.1052631579,2010,"Xu, Hollingsworth, and Smith (2019)",20.11,,2010,3800,,,,,,,,,,,,,,,,,,,,,,,,,,,,,
R-36 / Cyclone,8400,4100,"Xu, Hollingsworth, and Smith (2019)","Xu, Hollingsworth, and Smith estimate labeld ""Cyclone 2 & 3.""","Yuzhmash, Baikonur Cosmodrome, Plesetsk Cosmodrome",R-36 / Cyclone,#REF!,#REF!,#REF!,"Xu, Hollingsworth, and Smith (2019)",,,,,,"Xu, Hollingsworth, and Smith (2019)",6898,2010,"Xu, Hollingsworth, and Smith (2019)",28.28,,2010,4100,,,,,,,,,,,,,,,,,,,,,,,,,,,,,,,,,,,,,,
Redstone,,,,,,Redstone,#REF!,#REF!,#REF!,,,,,,,,,,,,,,,,,,,,,,,,,,,,,,,,,,,,,,,,,,,,,,,,,,,,
Rokot,20600,2150,FAA Office of Commercial Space Transportation (2018),,"Khrunichev State Research and Production Space Center, Baikonur Cosmodrome, Plesetsk Cosmodrome",Rokot,#REF!,#REF!,#REF!,Futron (2002),Foust (2003),FAA Office of Commercial Space Transportation (2018),"Xu, Hollingsworth, and Smith (2019)",,,Futron (2002),7297,2000,Futron (2002),13.5,,2000,1850,,Foust (2003),8300,2003,Foust (2003),13,15,2003,1800,,FAA Office of Commercial Space Transportation (2018),19442,2018,FAA Office of Commercial Space Transportation (2018),41.8,,2018,2150,,"Xu, Hollingsworth, and Smith (2019)",9462,2010,"Xu, Hollingsworth, and Smith (2019)",18.45,,2010,1950,,,,,,,,,,,
S-520,,,,"FAA estimate labeled ""SS-520-5.""",,S-520,#REF!,#REF!,#REF!,Missing / FAA Office of Commercial Space Transportation (2018),,,,,,Missing / FAA Office of Commercial Space Transportation (2018),,,Missing,,,,4,FAA Office of Commercial Space Transportation (2018),,,,,,,,,,,,,,,,,,,,,,,,,,,,,,,,,,,,,
Saturn I,,,,,,Saturn I,#REF!,#REF!,#REF!,,,,,,,,,,,,,,,,,,,,,,,,,,,,,,,,,,,,,,,,,,,,,,,,,,,,
Saturn IB,18300,18600,Koelle (1991) / Astronautix,,"National Aeronautics and Space Administration, Chrysler, Douglas, Cape Canaveral / Kennedy Space Center",Saturn IB,#REF!,#REF!,#REF!,Koelle (1991) / Astronautix,,,,,,Koelle (1991) / Astronautix,17300,2018,Koelle (1991),107,,1967,18600,Astronautix,,,,,,,,,,,,,,,,,,,,,,,,,,,,,,,,,,,,,
Saturn V,5400,140000,Williams (2016),,"National Aeronautics and Space Administration, Chrysler, Douglas, North American, Cape Canaveral / Kennedy Space Center",Saturn V,#REF!,#REF!,#REF!,Williams (2016),Hammond (1999),,,,,Williams (2016),5071,2018,Williams (2016),710,,2016,140000,,Hammond (1999),3300,2000,Hammond (1999),936,,2000,280000,,,,,,,,,,,,,,,,,,,,,,,,,,,,,
Scout,118500,122,Koelle (1991) / Astronautix,"Astronautix reference page titled ""Scout A.""","LTV Aerospace Corporation, Cape Canaveral / Kennedy Space Center, Vandenberg Air Force Base, Wallops Flight Facility, Luigi Broglio Space Center",Scout,#REF!,#REF!,#REF!,Koelle (1991) / Astronautix,,,,,,Koelle (1991) / Astronautix,111800,2018,Koelle (1991),8.61,,1985,122,Astronautix,,,,,,,,,,,,,,,,,,,,,,,,,,,,,,,,,,,,,
Shavit,31100,800,"Xu, Hollingsworth, and Smith (2019)","Foust estimate labeled ""Shavit 1."" Xu, Hollingsworth, and Smith estimate labeled ""Shavit 1 & 2.""","Israel Aerospace Industries, Palmachim Airbase",Shavit,#REF!,#REF!,#REF!,Foust (2003),"Xu, Hollingsworth, and Smith (2019)",,,,,Foust (2003),55600,2003,Foust (2003),10,15,2003,225,,"Xu, Hollingsworth, and Smith (2019)",25613,2010,"Xu, Hollingsworth, and Smith (2019)",20.49,,2010,800,,,,,,,,,,,,,,,,,,,,,,,,,,,,,
Shian Quxian,17300,300,Woo (2019) / CSIS China Power,,"i-Space, Jiuquan Satellite Launch Center",Shian Quxian,#REF!,#REF!,#REF!,Woo (2019) / CSIS China Power,,,,,,Woo (2019) / CSIS China Power,16667,2019,Woo (2019),5,,2019,300,CSIS China Power,,,,,,,,,,,,,,,,,,,,,,,,,,,,,,,,,,,,,
Shtil,19100,140,"Xu, Hollingsworth, and Smith (2019)","From Fultron: ""Shtil launch costs are partially subsidized by the Russian Navy as part of missile launch exercises."" Xu, Hollingsworth, and Smith estimate labeled ""Shtil 1.""",State Rocket Center Makeyev,Shtil,#REF!,#REF!,#REF!,Futron (2002),Foust (2003),"Xu, Hollingsworth, and Smith (2019)",,,,Futron (2002),465,2000,Futron (2002),0.2,,2000,430,,Foust (2003),700,2003,Foust (2003),0.1,0.3,2003,430,,"Xu, Hollingsworth, and Smith (2019)",15714,2010,"Xu, Hollingsworth, and Smith (2019)",2.2,,2010,140,,,,,,,,,,,,,,,,,,,,
SLV,,,,,,SLV,#REF!,#REF!,#REF!,,,,,,,,,,,,,,,,,,,,,,,,,,,,,,,,,,,,,,,,,,,,,,,,,,,,
Soyuz,17900,7800,FAA Office of Commercial Space Transportation (2018) ,"The first FAA estimate corresponds to ""Soyuz FG."" The second FAA estimate corresponds to ""Soyuz 2.1a/b."" The third FAA estimate corresponds to ""Soyuz 2.1v."" The Xu, Hollingsworth, and Smith estimate corresponds to ""Soyuz 2.1.""","Plesetsk Cosmodrome, Baikonur Cosmodrome, Progress Rocket Space Centre, Energia, Vostochny Cosmodrome, Guiana Space Centre",Soyuz,#REF!,#REF!,#REF!,Futron (2002),FAA Office of Commercial Space Transportation (2018) ,FAA Office of Commercial Space Transportation (2018) - 2,FAA Office of Commercial Space Transportation (2018) - 3,"Xu, Hollingsworth, and Smith (2019)",,Futron (2002),5357,2000,Futron (2002),37.5,,2000,7000,,FAA Office of Commercial Space Transportation (2018) ,16859,2018,FAA Office of Commercial Space Transportation (2018) ,50,213,2018,7800,,FAA Office of Commercial Space Transportation (2018) - 2,16495,2018,FAA Office of Commercial Space Transportation (2018) - 2,80,,2018,4850,,FAA Office of Commercial Space Transportation (2018) - 3,13333,2018,FAA Office of Commercial Space Transportation (2018) - 3,40,,2018,3000,,"Xu, Hollingsworth, and Smith (2019)",6665,2010,"Xu, Hollingsworth, and Smith (2019)",54.65,,2010,8200,,
Space Shuttle,65400,27500,Pielke and Byerly (2011) / Jones (2018),,"United Space Alliance, Alliant Techsystems, Thiokol, Lockheed Martin, Boeing, Rockwell, Cape Canaveral / Kennedy Space Center",Space Shuttle,#REF!,#REF!,#REF!,Pielke and Byerly (2011) / Jones (2018),Wertz and Larson (1996),Hammond (1999),"Xu, Hollingsworth, and Smith (2019)",,,Pielke and Byerly (2011) / Jones (2018),61720,2018,Pielke and Byerly (2011),1500,,2011,27500,Jones (2018),Wertz and Larson (1996),19100,1995,Wertz and Larson (1996),350,547,1995,23500,,Hammond (1999),12800,2000,Hammond (1999),296,,2000,23090,,"Xu, Hollingsworth, and Smith (2019)",14186,2010,"Xu, Hollingsworth, and Smith (2019)",408.6,,2010,28803,,,,,,,,,,,
Sputnik,,,,,,Sputnik,#REF!,#REF!,#REF!,,,,,,,,,,,,,,,,,,,,,,,,,,,,,,,,,,,,,,,,,,,,,,,,,,,,
Start,23600,632,"Xu, Hollingsworth, and Smith (2019)","Foust includes estimates for both ""START"" and ""START 1."" The estimate included in this database is for ""START 1,"" since ""START"" has never been used for a successful launch. Xu, Hollingsworth, and Smith estimate labeled ""START 1.""","Moscow Institute of Thermal Technology, Svobodny Cosmodrome, Plesetsk Cosmodrome",Start,#REF!,#REF!,#REF!,Futron (2002),Foust (2003),"Xu, Hollingsworth, and Smith (2019)",,,,Futron (2002),11687,2000,Futron (2002),7.5,,2000,632,,Foust (2003),14200,2003,Foust (2003),9,10.5,2003,650,,"Xu, Hollingsworth, and Smith (2019)",19446,2010,"Xu, Hollingsworth, and Smith (2019)",12.29,,2010,632,,,,,,,,,,,,,,,,,,,,
Strela,11200,1560,"Xu, Hollingsworth, and Smith (2019)",,"NPO Mashinostroyeniya, Khartron, Baikonur Cosmodrome",Strela,#REF!,#REF!,#REF!,Foust (2003),"Xu, Hollingsworth, and Smith (2019)",,,,,Foust (2003),6200,2003,Foust (2003),10.5,,2003,1700,,"Xu, Hollingsworth, and Smith (2019)",9192,2010,"Xu, Hollingsworth, and Smith (2019)",14.34,,2010,1560,,,,,,,,,,,,,,,,,,,,,,,,,,,,,
Taurus,34600,1590,"Xu, Hollingsworth, and Smith (2019)","Foust estimate is labeled ""Taurus 1."" Xu, Hollingsworth, and Smith estimate labeled ""Taurus & Taurus XL.""","Orbital Sciences, Orbital ATK, Northrop Grumman, Vandenberg Air Force Base",Taurus,#REF!,#REF!,#REF!,Wertz and Larson (1996),Foust (2003),"Xu, Hollingsworth, and Smith (2019)",,,,Wertz and Larson (1996),13100,1995,Wertz and Larson (1996),18,20,1995,1451,,Foust (2003),13100,2003,Foust (2003),18,20,2003,1450,,"Xu, Hollingsworth, and Smith (2019)",28465,2010,"Xu, Hollingsworth, and Smith (2019)",45.26,,2010,1590,,,,,,,,,,,,,,,,,,,,
Thor,,,,,,Thor,#REF!,#REF!,#REF!,,,,,,,,,,,,,,,,,,,,,,,,,,,,,,,,,,,,,,,,,,,,,,,,,,,,
Thor N-Class,,,,,,Thor N-Class,#REF!,#REF!,#REF!,,,,,,,,,,,,,,,,,,,,,,,,,,,,,,,,,,,,,,,,,,,,,,,,,,,,
Titan Centaur,11900,15400,Koelle (1991) / Astronautix,"Astronautix mass estimate is labeled ""Titan IIIE.""",,Titan Centaur,#REF!,#REF!,#REF!,Koelle (1991) / Astronautix,,,,,,Koelle (1991) / Astronautix,11200,2018,Koelle (1991),72.5,,1974,15400,Astronautix,,,,,,,,,,,,,,,,,,,,,,,,,,,,,,,,,,,,,
Titan II,30600,1900,"Xu, Hollingsworth, and Smith (2019)",,"Glenn L. Martin Company, Cape Canaveral / Kennedy Space Center, Vandenberg Air Force Base",Titan II,#REF!,#REF!,#REF!,Wertz and Larson (1996),"Xu, Hollingsworth, and Smith (2019)",,,,,Wertz and Larson (1996),19700,1995,Wertz and Larson (1996),35,40,1995,1905,,"Xu, Hollingsworth, and Smith (2019)",25163,2010,"Xu, Hollingsworth, and Smith (2019)",47.81,,2010,1900,,,,,,,,,,,,,,,,,,,,,,,,,,,,,
Titan III,18200,3300,"Xu, Hollingsworth, and Smith (2019)","The Xu, Hollingsworth, and Smith estimate is labeled ""Titan 3A & 3B.""",,Titan III,#REF!,#REF!,#REF!,"Xu, Hollingsworth, and Smith (2019)",,,,,,"Xu, Hollingsworth, and Smith (2019)",14985,2010,"Xu, Hollingsworth, and Smith (2019)",49.45,,2010,3300,,,,,,,,,,,,,,,,,,,,,,,,,,,,,,,,,,,,,,
Titan III+,21000,14515,"Xu, Hollingsworth, and Smith (2019)","The Xu, Hollingsworth, and Smith estimate is labeld ""Titan 3C, 3D, 3E, 34D.""","Glenn L. Martin Company, Cape Canaveral / Kennedy Space Center, Vandenberg Air Force Base",Titan III+,#REF!,#REF!,#REF!,"Xu, Hollingsworth, and Smith (2019)",,,,,,"Xu, Hollingsworth, and Smith (2019)",17288,2010,"Xu, Hollingsworth, and Smith (2019)",250.93,,2010,14515,,,,,,,,,,,,,,,,,,,,,,,,,,,,,,,,,,,,,,
Titan IV,30800,21600,"Xu, Hollingsworth, and Smith (2019)","Xu, Hollingsworth, and Smith estimate labeled ""Titan 4A & 4B.""","Glenn L. Martin Company, Cape Canaveral / Kennedy Space Center, Vandenberg Air Force Base",Titan IV,#REF!,#REF!,#REF!,Wertz and Larson (1996),Hammond (1999),"Xu, Hollingsworth, and Smith (2019)",,,,Wertz and Larson (1996),15700,1995,Wertz and Larson (1996),230,325,1995,17700,,Hammond (1999),13100,2000,Hammond (1999),234,,2000,17900,,"Xu, Hollingsworth, and Smith (2019)",25295,2010,"Xu, Hollingsworth, and Smith (2019)",546.38,,2010,21600,,,,,,,,,,,,,,,,,,,,
Unha,,100,Missing / FAA Office of Commercial Space Transportation (2018),,,Unha,#REF!,#REF!,#REF!,Missing / FAA Office of Commercial Space Transportation (2018),,,,,,Missing / FAA Office of Commercial Space Transportation (2018),,,Missing,,,,100,FAA Office of Commercial Space Transportation (2018),,,,,,,,,,,,,,,,,,,,,,,,,,,,,,,,,,,,,
Vanguard,948600,9,Koelle (1991) / Astronautix,,"Glenn L. Martin Company, Cape Canaveral / Kennedy Space Center",Vanguard,#REF!,#REF!,#REF!,Koelle (1991) / Astronautix,,,,,,Koelle (1991) / Astronautix,894700,2018,Koelle (1991),5.66,,1985,9,Astronautix,,,,,,,,,,,,,,,,,,,,,,,,,,,,,,,,,,,,,
Vega,20000,1963,FAA Office of Commercial Space Transportation (2018),,"Arianespace, Guiana Space Centre",Vega,#REF!,#REF!,#REF!,Foust (2003),FAA Office of Commercial Space Transportation (2018),"Xu, Hollingsworth, and Smith (2019)",,,,Foust (2003),13300,2003,Foust (2003),20,,2003,1500,,FAA Office of Commercial Space Transportation (2018),18849,2018,FAA Office of Commercial Space Transportation (2018),37,,2018,1963,,"Xu, Hollingsworth, and Smith (2019)",17830,2010,"Xu, Hollingsworth, and Smith (2019)",35,,2010,1963,,,,,,,,,,,,,,,,,,,,
Voskhod,,,,,,Voskhod,#REF!,#REF!,#REF!,,,,,,,,,,,,,,,,,,,,,,,,,,,,,,,,,,,,,,,,,,,,,,,,,,,,
Vostok,8600,4717,Wertz and Larson (1996),,,Vostok,#REF!,#REF!,#REF!,Wertz and Larson (1996),,,,,,Wertz and Larson (1996),5300,1995,Wertz and Larson (1996),20,30,1995,4717,,,,,,,,,,,,,,,,,,,,,,,,,,,,,,,,,,,,,,
Zenit 2,5100,13740,"Xu, Hollingsworth, and Smith (2019)",,"Yuzhmash, Baikonur Cosmodrome",Zenit 2,#REF!,#REF!,#REF!,Futron (2002),"Xu, Hollingsworth, and Smith (2019)",,,,,Futron (2002),3093,2000,Futron (2002),42.5,,2000,13740,,"Xu, Hollingsworth, and Smith (2019)",4213,2010,"Xu, Hollingsworth, and Smith (2019)",57.89,,2010,13740,,,,,,,,,,,,,,,,,,,,,,,,,,,,,
Zenit 3SL,8900,15876,"Xu, Hollingsworth, and Smith (2019)","FAA estimate labaled simply ""Zenit."" Xu, Hollingsworth, and Smith estimate labeled ""Zenit 3 SL, SLB, SLBF.""","Yuzhmash, Baikonur Cosmodrome, Sea Launch",Zenit 3SL,#REF!,#REF!,#REF!,Futron (2002),FAA Office of Commercial Space Transportation (2018) / Gunter's Space Page,"Xu, Hollingsworth, and Smith (2019)",,,,Futron (2002),5354,2000,Futron (2002),85,,2000,15876,,FAA Office of Commercial Space Transportation (2018) / Gunter's Space Page,12857,2018,FAA Office of Commercial Space Transportation (2018),85,95,2018,7000,Gunter's Space Page,"Xu, Hollingsworth, and Smith (2019)",7292,2010,"Xu, Hollingsworth, and Smith (2019)",115.77,,2010,15876,,,,,,,,,,,,,,,,,,,,
